{
    "rmse": 0.6931939879686538,
    "mae": 0.5447513606024841,
    "r2": 0.2284245434452472
}